{
    "metrics": {
        "http_req_waiting": {
            "med": 13.819500000000001,
            "max": 33.995,
            "p(90)": 19.0073,
            "p(95)": 25.798899999999993,
            "avg": 14.85125,
            "min": 6.415
        },
        "http_req_receiving": {
            "avg": 0.19708333333333336,
            "min": 0.055,
            "med": 0.1295,
            "max": 1.023,
            "p(90)": 0.16710000000000003,
            "p(95)": 0.5532999999999996
        },
        "http_reqs": {
            "count": 12,
            "rate": 0.9834423547478178
        },
        "http_req_duration": {
            "avg": 15.233583333333334,
            "min": 6.572,
            "med": 14.035,
            "max": 34.378,
            "p(90)": 19.4516,
            "p(95)": 26.178599999999992
        },
        "http_req_failed": {
            "passes": 2,
            "fails": 10,
            "value": 0.16666666666666666
        },
        "data_sent": {
            "count": 2064,
            "rate": 169.15208501662468
        },
        "iteration_duration": {
            "p(95)": 1028.7842715,
            "avg": 1016.7551701666667,
            "min": 1007.466542,
            "med": 1015.2819165000001,
            "max": 1037.785709,
            "p(90)": 1021.3525006
        },
        "http_req_connecting": {
            "avg": 0.013916666666666667,
            "min": 0,
            "med": 0,
            "max": 0.167,
            "p(90)": 0,
            "p(95)": 0.07514999999999993
        },
        "http_req_duration{expected_response:true}": {
            "avg": 16.8245,
            "min": 8.497,
            "med": 14.4775,
            "max": 34.378,
            "p(90)": 20.960800000000003,
            "p(95)": 27.669399999999992
        },
        "http_req_sending": {
            "p(95)": 0.7199499999999995,
            "avg": 0.18525000000000003,
            "min": 0.03,
            "med": 0.057999999999999996,
            "max": 1.199,
            "p(90)": 0.3163
        },
        "vus_max": {
            "value": 1,
            "min": 1,
            "max": 1
        },
        "http_req_tls_handshaking": {
            "max": 0,
            "p(90)": 0,
            "p(95)": 0,
            "avg": 0,
            "min": 0,
            "med": 0
        },
        "vus": {
            "value": 1,
            "min": 1,
            "max": 1
        },
        "iterations": {
            "rate": 0.9834423547478178,
            "count": 12
        },
        "data_received": {
            "count": 2024,
            "rate": 165.87394383413195
        },
        "checks": {
            "passes": 12,
            "fails": 0,
            "value": 1
        },
        "http_req_blocked": {
            "avg": 0.07825000000000001,
            "min": 0.007,
            "med": 0.0125,
            "max": 0.805,
            "p(90)": 0.018600000000000002,
            "p(95)": 0.37269999999999964
        }
    },
    "root_group": {
        "name": "",
        "path": "",
        "id": "d41d8cd98f00b204e9800998ecf8427e",
        "groups": {},
        "checks": {
                "created or rate limited": {
                    "name": "created or rate limited",
                    "path": "::created or rate limited",
                    "id": "c2080ca309ee5583ffc8413c70cd6f35",
                    "passes": 12,
                    "fails": 0
                }
            }
    }
}